,Date,User,Tweet
0,2019-12-31 21:37:06+00:00,elonmusk,@engineers_feed @physicsJ It‚Äôs a bit slow
1,2019-12-31 06:59:34+00:00,elonmusk,@JohnnaCrider1 It‚Äôs not ready yet
2,2019-12-31 06:57:57+00:00,elonmusk,@newscientist Explains üêà üé•
3,2019-12-31 02:27:28+00:00,elonmusk,@teslaownersSV @rhoehn Thanks all Tesla club members for helping out! Looking forward to seeing you there tomorrow. ‚ù§Ô∏è
4,2019-12-30 23:27:10+00:00,elonmusk,Rest in peace Syd Mead. Your art will endure.
5,2019-12-30 23:09:08+00:00,elonmusk,@kulpability @cleantechnica C tbh
6,2019-12-30 23:00:08+00:00,elonmusk,"@John_Gardi @Erdayastronaut Many ways to solve this problem, but the power requirements are much higher than aircraft control surfaces. When moving giant body flaps rapidly, achieving high power is much harder than high torque."
7,2019-12-30 22:44:02+00:00,elonmusk,"@ShaneAppleton7 @Erdayastronaut Building prototypes is relatively easy, volume production is hard"
8,2019-12-30 22:41:38+00:00,elonmusk,@JaneidyEve Headed to Tesla Fremont factory tomorrow to help with vehicle deliveries
9,2019-12-30 22:39:21+00:00,elonmusk,@EvaFoxU Biting off more than I can chew. Because I‚Äôm an optimistic fool.
10,2019-12-30 10:05:01+00:00,elonmusk,@Teslarati Hard to believe it‚Äôs almost time to retire Cargo Dragon after a decade of solid service
11,2019-12-30 10:02:13+00:00,elonmusk,@BaconMan65 @PhiliChez Exactly
12,2019-12-30 10:00:10+00:00,elonmusk,@cleantechnica Will talk about that on Q4 call
13,2019-12-30 09:56:51+00:00,elonmusk,"@EverydayTesla Yeah, engineering is ~90% of my time at SpaceX &amp; about ~60% at Tesla"
14,2019-12-30 09:18:31+00:00,elonmusk,Barrel on dome https://t.co/kpSIJphbnk
15,2019-12-30 09:15:49+00:00,elonmusk,@ajtourville @cleantechnica Took me an embarrassingly long time to learn that
16,2019-12-30 09:14:38+00:00,elonmusk,@SteveHamel16 @cleantechnica Sounds about right ü§£ü§£
17,2019-12-30 08:51:08+00:00,elonmusk,@DonaldM38768041 @Erdayastronaut Beyond awesome. He was the real deal.
18,2019-12-30 08:49:11+00:00,elonmusk,@cleantechnica Seems so long ago
19,2019-12-30 08:03:12+00:00,elonmusk,@Erdayastronaut Yes
20,2019-12-30 08:02:18+00:00,elonmusk,"@cleantechnica Also, I hate deeply nested classes in C++. Had to be said."
21,2019-12-30 08:00:14+00:00,elonmusk,"@cleantechnica The less code, the better! 1 point for adding a line of code, but 2 points for deleting a line. Bloatware is the devil."
22,2019-12-30 07:57:11+00:00,elonmusk,"@Erdayastronaut Direct drive using several Tesla Plaid motors in parallel for SN1. Simpler, lighter &amp; more fault tolerant. Rear flaps each need ~1.5 megawatts. It‚Äôs like moving the entire wing of an aircraft!"
23,2019-12-30 07:47:20+00:00,elonmusk,"@TeslaGong @BrianGilbert_ @Tesla @AusTeslaOwners Tesla merch def needs some love, but too many fish to fry rn"
24,2019-12-30 07:43:19+00:00,elonmusk,@TeslaGong @BrianGilbert_ @Tesla @AusTeslaOwners Coming ‚Ä¶
25,2019-12-30 07:38:38+00:00,elonmusk,@ajtourville @Erdayastronaut Tesla uses that to wirebond cells to module current collectors. Is there a commercially available machine that can weld ~4mm full hard 301 stainless barrels &amp; domes?
26,2019-12-30 07:32:50+00:00,elonmusk,@Kristennetten @SmileSimplify @Erdayastronaut We‚Äôre focusing on Boca right now for Starship &amp; Cape is focused on Falcon/Dragon
27,2019-12-30 07:26:18+00:00,elonmusk,@Erdayastronaut Spin start from COPVs so the ox &amp; fuel turbines spool up super fast in unison. A precise start with full flow staged combustion is very important.
28,2019-12-30 07:17:20+00:00,elonmusk,"@SmileSimplify @Erdayastronaut Moving to an enclosed (fairly) clean room environment for SN2 in Jan, although, unlike aluminum, stainless steel welding is not super sensitive. Our main issue here in Boca is that it can get very windy, which affects weld arc &amp; steel melt pool."
29,2019-12-30 07:09:23+00:00,elonmusk,"@Erdayastronaut No, will be autogenous from the start, tapping hot CH4 &amp; O2 from Raptor"
30,2019-12-30 07:04:28+00:00,elonmusk,@teslaownersSV @TonyCrisostomo @Erdayastronaut Yeah
31,2019-12-30 07:01:44+00:00,elonmusk,"@Erdayastronaut Best would probably be an autogenous laser weld, but we need more precise parts &amp; fixtures. Hopefully get that done in 2020."
32,2019-12-30 06:57:24+00:00,elonmusk,"@Erdayastronaut Almost everything is different. These parts are stamped vs manually bump-formed &amp; TIP TIG welded vs flux core. Higher precision, stronger joints &amp; 20% mass reduction."
33,2019-12-30 06:46:51+00:00,elonmusk,"@DJSnM We use that process for the Raptor nozzle jacket. The knuckles of this dome are stamped in Michigan with a 4000 ton car body press, which costs much less for same outcome."
34,2019-12-30 06:17:24+00:00,elonmusk,Almost three now. Boca team is crushing it! Starship has giant dome ü§£ü§£ https://t.co/qTN2TU02pb
35,2019-12-30 04:58:04+00:00,elonmusk,@donnyraywoody @flcnhvy @kulpability @NASA Haha true
36,2019-12-30 04:55:21+00:00,elonmusk,@flcnhvy muffin or not-muffin
37,2019-12-30 04:54:21+00:00,elonmusk,"@realRickyReeves @Erdayastronaut @NASA Crew Dragon is capable of propulsive landing, but would require extensive testing to prove safety. Better to focus on Starship."
38,2019-12-30 04:05:38+00:00,elonmusk,"@kulpability @NASA New technology development schedules tend to exhibit a version of Zeno‚Äôs Paradox ‚Äî at any given point, you‚Äôre halfway there"
39,2019-12-30 03:59:39+00:00,elonmusk,"@kulpability @NASA Crew Dragon should be physically ready &amp; at the Cape in Feb, but completing all safety reviews will probably take a few more months"
40,2019-12-30 03:45:55+00:00,elonmusk,Simulation of first crewed flight of Falcon 9 / Dragon 2020 @NASA https://t.co/BSDPYTcVIG
41,2019-12-30 03:25:48+00:00,elonmusk,"8 years later, the simulation is mostly real"
42,2019-12-30 03:15:24+00:00,elonmusk,@vincent13031925 @Tesla @jsrdctz Amazing work by Tesla China team!! ‚ù§Ô∏è‚ù§Ô∏è
43,2019-12-30 01:42:55+00:00,elonmusk,@28delayslater ü§£ü§£
44,2019-12-30 01:40:20+00:00,elonmusk,@BrianGilbert_ @Tesla @AusTeslaOwners Tesla app based payment will soon be rolled out WW. It‚Äôs tough making functionality work across so many regulatory domains.
45,2019-12-30 01:33:35+00:00,elonmusk,@BrianGilbert_ @Tesla @AusTeslaOwners Is purchasing through the Tesla app not working?
46,2019-12-30 01:32:34+00:00,elonmusk,"@teslaownersSV @iam_preethi I def believe in the ethical treatment of animals &amp; taking action of climate, but these are mostly separate moral issues"
47,2019-12-30 01:26:26+00:00,elonmusk,@EvaFoxU @TeslaHistorian @TeslaOwnersofMA @JohnnaCrider1 @vincent13031925 @boringcompany Nice
48,2019-12-30 01:25:44+00:00,elonmusk,"@teslaownersSV @iam_preethi Renewable energy production (solar, wind, geothermal), improving home insulation &amp; electric transport will do the trick. Vegan/vegetarian helps a little, but isn‚Äôt critical. We should take the set of actions that maximize total public happiness!"
49,2019-12-30 01:18:33+00:00,elonmusk,@ingmutw @iam_preethi @Tesla Ok
50,2019-12-30 01:16:16+00:00,elonmusk,"@iam_preethi I support people choosing whatever diet makes them happy, but it‚Äôs true that everyone going vegan still wouldn‚Äôt stop climate change. Moving billions of tons of hydrocarbons from deep underground into the atmosphere &amp; oceans is fundamentally the issue."
51,2019-12-29 22:47:32+00:00,elonmusk,@C3LT_Games üòé
52,2019-12-29 22:46:21+00:00,elonmusk,Dam now rly want choc chip muffin
53,2019-12-29 22:41:49+00:00,elonmusk,@28delayslater @TeslaOwnersofMA @JohnnaCrider1 @vincent13031925 @boringcompany Slight tweak to the glass needed &amp; then it should be good to go
54,2019-12-29 22:40:00+00:00,elonmusk,üòÆ https://t.co/JejV2rBFrf
55,2019-12-29 22:35:55+00:00,elonmusk,@TeslaOwnersofMA @JohnnaCrider1 @vincent13031925 @boringcompany What is the platonic ideal of the perfect candy? Really feels like candy R&amp;D hasn‚Äôt improved in ages. Damn candy oligarchs!! [shakes fist at sky]
56,2019-12-29 22:29:55+00:00,elonmusk,"@JohnnaCrider1 @vincent13031925 @boringcompany Yeah, Boring Bricks üß± are def coming, but whole team is focused on getting Vegas Convention Center tunnel operational so people can try it out, suggest improvements, etc. I ‚ô•Ô∏è crowdsourcing ideas with people who really care about making great products!"
57,2019-12-29 22:13:20+00:00,elonmusk,"@vincent13031925 @boringcompany Certainly worth trying! The objective reality for large cities worldwide is that efforts to solve traffic have not worked well. If we don‚Äôt try *something* new, we will be in traffic hell forever."
58,2019-12-29 11:23:01+00:00,elonmusk,"@JonAttenborough @cFidd Absolutely. Multi-level tunnels can go under buildings, mountains, rivers or anything else &amp; directly connect destinations, like aircraft do in the sky. We just need more of them."
59,2019-12-29 11:12:14+00:00,elonmusk,@ollie_turrell @cFidd Pretty much
60,2019-12-29 11:09:56+00:00,elonmusk,@Snipergen @Tesla Sure. Trax will get much better &amp; more fun. This is an alpha version.
61,2019-12-29 11:03:51+00:00,elonmusk,"@cFidd No, I said we should build more tunnels. Put trains in them or cars or whatever, but every large city on Earth is plagued by traffic &amp; it‚Äôs getting worse. Multi-level tunnels might solve this, so worth trying. If you have a better suggestion, please tell us what it is."
62,2019-12-29 10:27:04+00:00,elonmusk,"@RationalEtienne @EvaFoxU @amargosavalley That might have something to do with it. ‚ÄúStalin: Court of the Red Tsar‚Äù was one of the few books so dark I had to stop reading. If only they‚Äôd listened to Lenin‚Äôs last wish, much tragedy may have been averted."
63,2019-12-29 10:08:01+00:00,elonmusk,"@EvaFoxU @amargosavalley For sure, but I understand the pulse of Twitter pretty well. A sudden avalanche of very similar vitriolic comments from anon accounts usually means someone activated a troll/bot net."
64,2019-12-29 09:34:19+00:00,elonmusk,@amargosavalley Thousands of anon/troll/bot accounts suddenly on the attack. Interesting.
65,2019-12-29 07:57:44+00:00,elonmusk,@SMZGallagher @Tesla Sorry about this. We will do our best. The Tesla production &amp; delivery teams have been working super hard.
66,2019-12-29 06:01:58+00:00,elonmusk,@JohnnaCrider1 @mayemusk Literally. It was at 40th &amp; Baltimore in Philadelphia before gentrification.
67,2019-12-29 05:58:22+00:00,elonmusk,@JaneidyEve @johnkrausphotos @austinbarnard45 @flcnhvy @Joe__Wakefield @tjq1190 @tyger_cyber @fawfulfan @_Mikemo Ramones &amp; Bach
68,2019-12-29 05:50:22+00:00,elonmusk,"@johnkrausphotos @austinbarnard45 @flcnhvy @Joe__Wakefield @tjq1190 @tyger_cyber @fawfulfan @_Mikemo I hope someone has pics! My Mom came to visit one weekend &amp; was quite surprised by it all, but helped work coat check &amp; guarded the cash with a kitchen knife ü§£ü§£"
69,2019-12-29 05:38:57+00:00,elonmusk,"@austinbarnard45 @flcnhvy @Joe__Wakefield @tjq1190 @tyger_cyber @fawfulfan @_Mikemo To pay rent, we turned our house into a nightclub &amp; charged a $5 entry fee. Looked cool at night, but insane by day ‚Ä¶ blacklights, luminescent spray paint &amp; metal junk sculptures."
70,2019-12-29 02:14:35+00:00,elonmusk,@kimbal üñ§ you too
71,2019-12-29 01:03:06+00:00,elonmusk,@catmonocle69 Sounds like a Marxist with style
72,2019-12-29 00:23:50+00:00,elonmusk,@flcnhvy @cyrusposting Exactly
73,2019-12-29 00:09:51+00:00,elonmusk,"@cyrusposting Induced demand is one of the most irrational theories I‚Äôve ever heard. Correlation is not causation. If the transport system exceeds public travel needs, there will be very little traffic. I support anything that improves traffic, as this negatively affects almost everyone."
74,2019-12-28 23:47:59+00:00,elonmusk,"@Joe__Wakefield @austinbarnard45 @tjq1190 @tyger_cyber @fawfulfan @_Mikemo This is a pretty awful lie. I left South Africa by myself when I was 17 with just a backpack &amp; suitcase of books. Worked on my Mom‚Äôs cousin‚Äôs farm in Saskatchewan &amp; a lumber mill in Vancouver. Went to Queens Univ with scholarship &amp; debt, then same to UPenn/Wharton &amp; Stanford."
75,2019-12-28 23:38:57+00:00,elonmusk,"@austinbarnard45 @tjq1190 @tyger_cyber @fawfulfan @_Mikemo This person blocked me, so can‚Äôt read the tweet. Whats their deal?"
76,2019-12-28 23:22:36+00:00,elonmusk,"@IrinaAntony @tjq1190 @tyger_cyber @fawfulfan @_Mikemo We started Zip2 with ~$2k from me plus my overclocked home-built PC, ~$5k from my bro &amp; ~$8k from Greg Kouri (such a good guy ‚Äî he is greatly missed).

My Dad provided 10% of a ~$200k angel funding round much later, but by then risk was reduced &amp; round would‚Äôve happened anyway."
77,2019-12-28 22:42:53+00:00,elonmusk,"@tjq1190 @tyger_cyber @fawfulfan @_Mikemo He didn‚Äôt own an emerald mine &amp; I worked my way through college, ending up ~$100k in student debt. I couldn‚Äôt even afford a 2nd PC at Zip2, so programmed at night &amp; website only worked during day. Where is this bs coming from?"
78,2019-12-28 22:30:09+00:00,elonmusk,@geofficient Pretty much
79,2019-12-28 21:05:03+00:00,elonmusk,@annerajb @justpaulinelol Federal
80,2019-12-28 21:04:32+00:00,elonmusk,@justpaulinelol @annerajb Probably 2021. Depends on regulatory approvals.
81,2019-12-28 21:01:45+00:00,elonmusk,@annerajb Hopefully working in Caribbean by end of 2020. Def by 2021.
82,2019-12-28 19:46:16+00:00,elonmusk,"@waitbutwhy @Kurz_Gesagt Maximizing conversion of mass to aimed photons (pure momentum) is actually the highest possible efficiency, which is why an antimatter drive is probably the best way to get to other star systems with known physics. For ‚Äúclose‚Äù stars, a laser sail is good too."
83,2019-12-28 04:20:23+00:00,elonmusk,"@TheAssassin_95 Yes, but it‚Äôs too secret"
84,2019-12-28 04:20:00+00:00,elonmusk,@Erdayastronaut @teslaownersSV @Benioff Hopefully fully operational in 2020
85,2019-12-28 04:18:27+00:00,elonmusk,"@teslaownersSV @Benioff Boring Co is completing its first commercial tunnel in Vegas, going from Convention Center to Strip, then will work on other projects"
86,2019-12-28 04:15:06+00:00,elonmusk,"@flcnhvy No, he‚Äôs still much faster üêå"
87,2019-12-28 04:13:38+00:00,elonmusk,"These would be road tunnels for zero emissions vehicles only ‚Äî no toxic fumes is the key. Really, just an underground road, but limited to EVs (from all auto companies). This is not in place of other solutions, eg light rail, but supplemental to them."
88,2019-12-28 04:10:40+00:00,elonmusk,@teslaownersSV Done by dawn
89,2019-12-28 04:09:50+00:00,elonmusk,@Salo4201 That would be a fringe benefit ü§£ü§£
90,2019-12-28 04:06:37+00:00,elonmusk,"Build super safe, Earthquake-proof tunnels under cities to solve traffic"
91,2019-12-28 02:56:20+00:00,elonmusk,@JaneidyEve Flight is hopefully 2 to 3 months away
92,2019-12-28 02:55:13+00:00,elonmusk,"@JaneidyEve We‚Äôre now building flight design of Starship SN1, but each SN will have at least minor improvements, at least through SN20 or so of Starship V1.0."
93,2019-12-27 19:50:28+00:00,elonmusk,Was up all night with SpaceX team working on Starship tank dome production (most difficult part of primary structure). Dawn arrives ‚Ä¶ https://t.co/SzyDSYUYOu
94,2019-12-27 08:54:35+00:00,elonmusk,@DiscoverMag Please stop spamming bleak links into a paywall
95,2019-12-26 23:55:11+00:00,elonmusk,@GutGutM3 @jamescharles Ok
96,2019-12-26 22:08:17+00:00,elonmusk,@Teslarati Activating engine two ‚Ä¶
97,2019-12-26 20:18:29+00:00,elonmusk,@KakaroTTo1385 @flcnhvy @Sofiaan @Erdayastronaut It is an honor &amp; a privilege to work with so many great engineers
98,2019-12-26 20:15:36+00:00,elonmusk,@flcnhvy @Sofiaan @Erdayastronaut The overarching goal of Tesla engineering is maximize area under user happiness curve
99,2019-12-26 20:14:50+00:00,elonmusk,"@flcnhvy @Sofiaan @Erdayastronaut It‚Äôs not that these things can‚Äôt be done, they just absorb a lot of software engineering time, which has great opportunity cost. There are very few excellent software engineers &amp; merely increasing team size results in awful bloatware."
100,2019-12-26 19:19:20+00:00,elonmusk,@Kristennetten Future feature
101,2019-12-26 19:08:37+00:00,elonmusk,"Turn on auto navigate feature &amp; car will activate traffic-based navigation to work, home or calendar, depending on context, as soon as you sit down. No input required at all."
102,2019-12-26 19:01:55+00:00,elonmusk,"@Sofiaan @Erdayastronaut Possible, but one step at a time. Anything we release to the fleet has big implications these days. For example, if someone‚Äôs on data roaming &amp; video is enabled, they will get a giant cell phone bill. Operating in 40+ countries results in many corner cases!"
103,2019-12-26 18:58:31+00:00,elonmusk,"@JeremyGreenlee @mobiledavidd Seeing B pillar (diagonal fwd) &amp; side repeater (diagonal back) camera views would probably help for tight situations. We can enable access to these views. Also, no problem to have option to disable auto lock for home."
104,2019-12-26 18:55:00+00:00,elonmusk,@mobiledavidd We‚Äôre building out Superchargers as fast as possible! Need to ramp V3 Supercharger production.
105,2019-12-26 18:52:08+00:00,elonmusk,@Erdayastronaut Phone notification with ability to view possibly relevant still images is no problem. Live video from several cameras is too much bandwidth.
106,2019-12-26 18:47:32+00:00,elonmusk,@Erdayastronaut Most people still don‚Äôt know it‚Äôs there
107,2019-12-26 18:45:59+00:00,elonmusk,"Just swipe down on Tesla nav button for car to automatically navigate to home, work or destination in calendar"
108,2019-12-26 18:40:40+00:00,elonmusk,"@TesLatino @teslaownersSV @tesla_unplugged @TeslaOwnersofMA @Tesla @disneyplus @BenSullins If you enter a longer distance than range, system should autonav to optimal Superchargers along the way. Is it not doing this correctly?"
109,2019-12-26 18:39:11+00:00,elonmusk,"@teslaownersSV @tesla_unplugged @TeslaOwnersofMA @Tesla @disneyplus @BenSullins Merry Christmas üéÑüéÅüòÄ
Hope you‚Äôre enjoying latest software update!"
110,2019-12-26 18:36:10+00:00,elonmusk,@jamescharles Yer welcome son
111,2019-12-26 18:35:41+00:00,elonmusk,"@teslaownersSV @tesla_unplugged @TeslaOwnersofMA @Tesla @disneyplus @BenSullins Car should autonavigate to destinations based on your calendar. If nothing in calendar, should do work in morning &amp; home in evening. Future versions will guess based on prior patterns (if preference enabled)."
112,2019-12-26 18:33:11+00:00,elonmusk,@jamescharles That is odd. Try pressing both scroll wheel buttons to reboot. Have forwarded this to service.
113,2019-12-26 18:16:46+00:00,elonmusk,@teslaownersSV @tesla_unplugged @TeslaOwnersofMA @Tesla @disneyplus @BenSullins No
114,2019-12-26 18:03:55+00:00,elonmusk,@TeslaOwnersofMA @Tesla @disneyplus @BenSullins Coming soon
115,2019-12-24 23:58:36+00:00,elonmusk,@mikeduncan They should double down on insanity of Cats. Right move.
116,2019-12-24 23:54:44+00:00,elonmusk,@JaneidyEve @RenataKonkoly @mikeduncan Black Mirror
117,2019-12-24 23:53:49+00:00,elonmusk,@RenataKonkoly @mikeduncan Parasite
118,2019-12-24 23:49:46+00:00,elonmusk,@mikeduncan True
119,2019-12-24 21:16:23+00:00,elonmusk,@AdamDanielKing Needs improvement
120,2019-12-24 18:09:17+00:00,elonmusk,@Erdayastronaut @Tesla Yes
121,2019-12-24 09:26:31+00:00,elonmusk,@royalsociety He was awesome. I squared R heating is why room temp superconductors aren‚Äôt needed to carry power long distances efficiently. Just jack up voltage.
122,2019-12-23 21:02:18+00:00,elonmusk,stock art https://t.co/HSWnwK68OV
123,2019-12-23 16:02:59+00:00,elonmusk,Whoa ‚Ä¶ the stock is so high lol
124,2019-12-23 15:59:56+00:00,elonmusk,@markets ü§£ü§£
125,2019-12-22 22:32:30+00:00,elonmusk,"@annerajb @RationalEtienne @aufrana @cleantechnica Big communication penalty for remote work, which means the gain in talent that won‚Äôt move has to be very high"
126,2019-12-22 22:29:23+00:00,elonmusk,@therealcliffyb @Tesla @SpaceX Truth
127,2019-12-22 22:26:40+00:00,elonmusk,"@RationalEtienne @aufrana @cleantechnica Wow, accurate analysis!"
128,2019-12-22 22:25:39+00:00,elonmusk,@therealcliffyb @Tesla Good point
129,2019-12-22 22:24:21+00:00,elonmusk,@mikensbg @flcnhvy Ok ‚ò∫Ô∏è
130,2019-12-22 21:33:59+00:00,elonmusk,@RationalEtienne @RenataKonkoly Don‚Äôt wanna brag but ‚Ä¶ üöòüí® was me
131,2019-12-22 20:59:55+00:00,elonmusk,@nichegamer Henry Cavill +1
132,2019-12-22 20:57:11+00:00,elonmusk,@RenataKonkoly Also fake Soundcloud rapper
133,2019-12-22 20:09:50+00:00,elonmusk,@reecethesaxman @youfoundalec @EV_Stevee @teslaownersSV @cgpgrey Write games
134,2019-12-22 20:06:50+00:00,elonmusk,@youfoundalec @EV_Stevee @teslaownersSV @cgpgrey Yes
135,2019-12-22 20:03:24+00:00,elonmusk,"@teslaownersSV @cgpgrey Regarding 2.X to 3 hardware update, that should happen in earnest in Q1. Software feature delta was zero until now, so not much point in doing it before then."
136,2019-12-22 20:00:07+00:00,elonmusk,"@EV_Stevee @teslaownersSV @cgpgrey Pretty much, although if there was a way to spend money to solve software problems sooner, I‚Äôd love it. The real constraint is finding great software engineers."
137,2019-12-22 19:55:53+00:00,elonmusk,@flcnhvy @cgpgrey @thirdrowtesla Ok sure
138,2019-12-22 19:52:42+00:00,elonmusk,@EV_Stevee @teslaownersSV @cgpgrey Sorry for the delay on V2.X! We just couldn‚Äôt get it all done in time.
139,2019-12-22 19:51:55+00:00,elonmusk,"@marialauraadr @teslaownersSV @cgpgrey Unfortunately, this has been necessary for many years, but hopefully not forever"
140,2019-12-22 19:38:51+00:00,elonmusk,"@cgpgrey My wiki is a war zone with a zillion edits. At least it‚Äôs obviously not curated! Some day, I should probably write what *my* fictionalized version of reality is ü§£ü§£"
141,2019-12-22 19:32:25+00:00,elonmusk,@RenataKonkoly Yes ü§£‚ô•Ô∏è
142,2019-12-22 19:30:32+00:00,elonmusk,"@TechnologicAli Started Zip2 with ~$2k &amp; ~$100k of student debt, rolled proceeds into X/PayPal, rolled proceeds again into SpaceX/Tesla, but these are all companies where I played fundamental founding role. Not right to ask others to put in money if I don‚Äôt put in mine."
143,2019-12-22 19:25:55+00:00,elonmusk,"If Tesla &amp; SpaceX go bankrupt, so will I. As it should be."
144,2019-12-22 19:24:26+00:00,elonmusk,"Just looked at my wiki for 1st time in years. It‚Äôs insane! Btw, can someone please delete ‚Äúinvestor‚Äù. I do basically zero investing."
145,2019-12-22 09:23:18+00:00,elonmusk,Pre VFX cut would be $$$$
146,2019-12-22 09:12:17+00:00,elonmusk,@newscientist Another milestone
147,2019-12-22 08:53:05+00:00,elonmusk,"@RationalEtienne @cleantechnica That‚Äôs certainly our impression, but it‚Äôs an old version of Tesla software, so effect is limited"
148,2019-12-22 08:17:17+00:00,elonmusk,@cleantechnica ‚ÄúIn-house‚Äù ü§£ü§£
149,2019-12-22 00:48:07+00:00,elonmusk,The real reason for Looper was to travel back in time &amp; stop a terrible calamity ‚Äî the premiere of Cats!
150,2019-12-21 22:44:40+00:00,elonmusk,@lukemiler @Jon_Favreau For sure
151,2019-12-21 22:39:52+00:00,elonmusk,Great show üêº https://t.co/12rguHHpgz
152,2019-12-21 21:52:22+00:00,elonmusk,Holiday gift ideas https://t.co/uBBofvkYAI
153,2019-12-21 19:31:55+00:00,elonmusk,@dealer_of_happy @Tesla We‚Äôre working on moving more cars to Florida. End of year delivery is intense! Very proud of Tesla team for all their hard work.
154,2019-12-21 19:28:14+00:00,elonmusk,@RisibleVolatile Ok
155,2019-12-21 19:25:25+00:00,elonmusk,@teslaownersSV Yes
156,2019-12-21 19:16:24+00:00,elonmusk,@djavenue Ok
157,2019-12-21 19:10:12+00:00,elonmusk,@flcnhvy @engineers_feed It‚Äôs been years
158,2019-12-21 19:08:53+00:00,elonmusk,@engineers_feed I try so hard with these jokes!
159,2019-12-21 04:37:45+00:00,elonmusk,@SpaceForceDoD Starfleet begins
160,2019-12-20 22:38:18+00:00,elonmusk,@Erdayastronaut @NASA @BoeingSpace For sure!ü§û
161,2019-12-20 22:14:42+00:00,elonmusk,@NASA @BoeingSpace Orbit is hard. Best wishes for landing &amp; swift recovery to next mission.
162,2019-12-20 16:03:31+00:00,elonmusk,@wonderofscience @NatureMuseum Does it like the smiths? https://t.co/kWbx1Uqsbo
163,2019-12-20 06:51:48+00:00,elonmusk,"@Sofiaan @thirdrowtesla Needs a few more days of validation, then early access, then wide release"
164,2019-12-20 03:28:05+00:00,elonmusk,"Tesla holiday software update has FSD sneak preview, Stardew Valley, Lost Backgammon &amp; a few other things"
165,2019-12-19 08:44:18+00:00,elonmusk,You don‚Äôt hear much about element 43
166,2019-12-19 08:40:07+00:00,elonmusk,"@oxfordteddy @teslainventory @teslaownersSV No, as that‚Äôs OG Mobileye hardware"
167,2019-12-19 08:37:36+00:00,elonmusk,@KingRippleXRP Cinnamon toast crunch
168,2019-12-19 08:35:51+00:00,elonmusk,"@teslainventory @teslaownersSV This is quite a thorny hardware problem, as there are many diff versions of mcu &amp; autopilot computer &amp; supporting hardware. Cars last so much longer than phones! Hopefully able to upgrade mcu1 &amp; ap2.0 in a few months."
169,2019-12-19 08:20:35+00:00,elonmusk,This mode will show pic of moth &amp; play the smiths
170,2019-12-19 08:05:37+00:00,elonmusk,@GaryTheBot2 L√§mpe
171,2019-12-19 08:05:09+00:00,elonmusk,Tesla Moth Mode (better late than never) https://t.co/Rcu87A8NkO
172,2019-12-19 07:56:53+00:00,elonmusk,"@master_ov @tesletter @teslaownersSV Yes, just costs a few thousand dollars &amp; is more complex than a board swap. Bunch of connectors &amp; antennas need to change. We can improve the speed a little with software optimization, which might be enough."
173,2019-12-18 22:05:09+00:00,elonmusk,@tesletter @teslaownersSV I think we can improve that with a little software optimization
174,2019-12-18 21:45:56+00:00,elonmusk,@teslaownersSV MCU (infotainment computer) upgrade not recommended imo. Isn‚Äôt needed for full self-driving &amp; cost is ~$2k for limited entertainment improvements.
175,2019-12-18 21:41:16+00:00,elonmusk,"Never trust cynics, as they excuse their own bad deeds by telling themselves everyone does it"
176,2019-12-18 02:53:18+00:00,elonmusk,"@acevedo_lex @AlexSibila @Tesla Yes, probably &amp; partially"
177,2019-12-17 22:59:37+00:00,elonmusk,@AlexSibila @Tesla Some good ideas here!
178,2019-12-17 02:47:24+00:00,elonmusk,"@SpaceX Telemetry indicates soft touchdown on the water, so fairing might still be reusable"
179,2019-12-17 02:31:36+00:00,elonmusk,@SpaceX Sigh ‚Ä¶
180,2019-12-14 11:12:17+00:00,elonmusk,"@flcnhvy @Kristennetten Possibly Excession, but I‚Äôd recommend reading Player of Games &amp; Surface Detail first. They‚Äôre all great."
181,2019-12-14 11:08:23+00:00,elonmusk,@Kristennetten Yes
182,2019-12-14 02:55:49+00:00,elonmusk,https://t.co/LxZAmZIcIS
183,2019-12-14 02:48:29+00:00,elonmusk,https://t.co/aAEFph9G6D
184,2019-12-14 02:31:32+00:00,elonmusk,@bluemoondance74 @ThugsAndMiracle @tfspeakcies @DearHistorians @DeepintoHistory @HellenisticPod @TrueConsPod @IWBpodcast @Coffincast @CacheHistory @AgeofVictoria @ForYourRefPod @WWIIPodcast @namelessdeadpod @ZombieFishbowl @AgeofNapoleon Raptor is making great progress! Just finished an engineering review with SpaceX Propulsion. Engine SN 17 is about to ship to McGregor with some holiday style üéÑüòÄ https://t.co/3JNIyxY9H0
185,2019-12-13 22:54:52+00:00,elonmusk,@ThugsAndMiracle @tfspeakcies @DearHistorians @DeepintoHistory @HellenisticPod @TrueConsPod @IWBpodcast @Coffincast @CacheHistory @AgeofVictoria @ForYourRefPod @WWIIPodcast @namelessdeadpod @ZombieFishbowl @AgeofNapoleon Age of Napoleon is excellent
186,2019-12-13 21:06:37+00:00,elonmusk,@skorusARK This is how we will view fossil fuel cars
187,2019-12-13 21:05:58+00:00,elonmusk,@skorusARK Crossing S-curves standard for tech transitions
188,2019-12-13 09:30:10+00:00,elonmusk,@nakamura193 Nice to meet you
189,2019-12-13 09:15:10+00:00,elonmusk,Baby Yoda üíï https://t.co/jpQvCccHb9
190,2019-12-12 21:06:08+00:00,elonmusk,@flcnhvy We are literally a brain in a vat. The vat is your skull. Everything you think is real is an electrical signal. Feels so real though.
191,2019-12-12 21:00:15+00:00,elonmusk,"Games only render what you look at when you look at it, as the compute load would otherwise be impossibly high. Until observed, objects are a probability function, aka quantum mechanics. https://t.co/LbI7dRNM9f"
192,2019-12-12 20:46:17+00:00,elonmusk,@Blaine30c Blame Minecraft
193,2019-12-12 19:47:29+00:00,elonmusk,smol ‚à© puppy ‚à© math https://t.co/bmpUurYbPV
194,2019-12-12 19:26:07+00:00,elonmusk,@PPathole Plausible
195,2019-12-12 18:35:41+00:00,elonmusk,Meant to say ‚Äúis render speed‚Äù. Frame rate is locked.
196,2019-12-12 08:52:36+00:00,elonmusk,@SamTalksTesla There are 2 type of people: those who understand binary &amp; those who don‚Äôt. And those who weren‚Äôt expecting a ternary joke.
197,2019-12-12 08:25:16+00:00,elonmusk,@4thFromOurStar Your DLC is $$$$
198,2019-12-12 08:22:30+00:00,elonmusk,Way too many paywalls &amp; spawn points
199,2019-12-12 07:58:21+00:00,elonmusk,"@Braddock512 Seriously, the NPC dialog tree should have more options"
200,2019-12-12 07:50:35+00:00,elonmusk,@TeslaTruckClub Of course
201,2019-12-12 07:45:41+00:00,elonmusk,"If life is a video game, the graphics are great, but the plot is confusing &amp; the tutorial is way too long"
202,2019-12-12 07:38:00+00:00,elonmusk,@andrewMcarney @Tesla Sure
203,2019-12-12 07:32:58+00:00,elonmusk,Root of energy to mass ratio is max render speed of the simulation
204,2019-12-12 07:25:16+00:00,elonmusk,https://t.co/7Pkb9NiLq8
205,2019-12-12 07:09:36+00:00,elonmusk,Math jokes have a small audience
206,2019-12-12 07:05:36+00:00,elonmusk,Kids these days have no respect! https://t.co/lfJTJnqllQ
207,2019-12-11 09:38:51+00:00,elonmusk,@_mkavin_ @mayemusk That‚Äôs the one!
208,2019-12-10 23:40:27+00:00,elonmusk,@Jason @mayemusk It really does
209,2019-12-10 21:45:28+00:00,elonmusk,"@RenataKonkoly @mayemusk They smashed the window to steal the radio, which was worth maybe $20. Got a replacement from junkyard. Btw, great deals available from junkyards! It‚Äôs pretty fun fixing/upgrading cars."
210,2019-12-10 21:40:29+00:00,elonmusk,"@v_g_fischer @mayemusk Yeah, 1978 320i that I bought in ‚Äò93 for $1400. I hotrodded it by jamming in a 5 speed transmission from a later model I found in a Philly junkyard when the 4 speed transmission failed."
211,2019-12-10 21:34:35+00:00,elonmusk,"@mayemusk Couldn‚Äôt afford to pay for repairs, so I fixed almost everything on that car from parts in the junkyard. Ironically, that‚Äôs me replacing broken side window glass. The circle is complete lol."
212,2019-12-10 19:17:56+00:00,elonmusk,@justpaulinelol Maybe on Starship? It‚Äôs def got the payload capacity ‚Ä¶
213,2019-12-10 19:12:24+00:00,elonmusk,@MemesOfMars @latimes @latimesfood @latimesbooks @latimesphotos @alex_avoigt @JaneidyEve @sara_boutall @RationalEtienne @ICannot_Enough @LaurenRow5 Just wish Russ Mitchell would improve the *quality* of his fiction. Is this too much to ask!?
214,2019-12-09 21:14:33+00:00,elonmusk,"@NCBirbhan @Erdayastronaut Yeah, it‚Äôs one of my favorite T-shirts!"
215,2019-12-08 00:00:52+00:00,elonmusk,"@teslaownersSV We‚Äôll aim to have it come out same time as truck. Two seater electric ATV designed to work with Cybertruck will be fun! Electric dirt bikes would be cool too. We won‚Äôt do road bikes, as too dangerous. I was hit by a truck &amp; almost died on one when I was 17."
216,2019-12-07 23:57:35+00:00,elonmusk,@Kristennetten Your Twitter comments are great btw!
217,2019-12-07 23:54:53+00:00,elonmusk,"@Kristennetten This may sound crazy, but asking real people what they‚Äôd like in a product is a great way to meet their needs"
218,2019-12-07 23:44:01+00:00,elonmusk,@Real_John_D @Teslarati @tesla_raj There will be no loss of either
219,2019-12-07 23:14:15+00:00,elonmusk,"@flcnhvy @Teslarati @tesla_raj That will require a full redesign, but probably ~73 inches or ~185 cm width"
220,2019-12-07 23:10:16+00:00,elonmusk,"@Everman @Teslarati @tesla_raj True, more for parking at destination. Really needs to fit in same external envelope as a full-size SUV, but with better height control with air suspension, so it can fit in low clearance parking garages."
221,2019-12-07 23:02:49+00:00,elonmusk,@Teslarati @tesla_raj We can prob reduce width by an inch &amp; maybe reduce length by 6+ inches without losing on utility or esthetics. Min height is below 75 inches when air suspension set to low. Will post exact number soon.
222,2019-12-07 20:19:59+00:00,elonmusk,Speed solves everything https://t.co/DGYlfyInxi
223,2019-12-07 05:06:31+00:00,elonmusk,"@JoeWBowles @BillGates He‚Äôs def wrong. Solar power is a Gigawatt per square km! All you need is a 100 by 100 mile patch in a deserted corner of Arizona, Texas or Utah (or anywhere) to more than power the entire USA. This analysis goes through calcs https://t.co/fI1I452tm6"
224,2019-12-07 04:46:11+00:00,elonmusk,"Super strong roof that generates clean energy, looks great &amp; costs less than a normal roof plus solar panels! https://t.co/D9yUuL7NVE"
225,2019-12-07 00:50:13+00:00,elonmusk,@vicentes @neiltyson For sure
226,2019-12-07 00:48:14+00:00,elonmusk,"@neiltyson If we create a city on Mars, Earth-Mars travel will be a powerful forcing function for inventing something like warp drive"
227,2019-12-04 02:45:24+00:00,elonmusk,Launching third flight of this Dragon spacecraft to @Space_Station tomorrow
228,2019-12-03 19:44:45+00:00,elonmusk,@Ragnvaldr1 Yes
229,2019-12-03 08:33:29+00:00,elonmusk,"@TonyTassell @Urbandirt @naumanbilly Bravo, right thing to do! Short selling should be illegal."
230,2019-12-03 07:04:53+00:00,elonmusk,@willne üî•üî•
231,2019-12-02 23:18:08+00:00,elonmusk,"People often think they‚Äôre breathing oxygen, but are actually breathing nitrogen (78%) with a side serving of oxygen (21%) in argon sauce (1%), spiced up with CO2, H2O &amp; a dash of neon &amp; krypton (etc.)"
232,2019-12-02 20:45:14+00:00,elonmusk,"Hydrogen is a light, odorless gas, which, given enough time, turns into people who will make this statement"
233,2019-12-01 21:59:28+00:00,elonmusk,@brandonorselli Still can‚Äôt believe how hard it was to get https://t.co/46TXqRrsdr!
234,2019-12-01 21:01:24+00:00,elonmusk,@HarryStoltz1 @royalsociety We sent the nicest person in the company to sit on his doorstep until he at least talked to us &amp; then he said yes
235,2019-12-01 20:58:45+00:00,elonmusk,"@royalsociety Tesla was almost called Faraday, as original holder of Tesla Motors trademark refused to sell it to us!"
236,2019-12-01 09:05:11+00:00,elonmusk,It‚Äôs artificial
237,2019-12-01 08:48:16+00:00,elonmusk,Do you like our owl? https://t.co/4fNOEv3N5b
238,2019-12-01 06:08:45+00:00,elonmusk,@TeslaForLife @Tesla @RamTrucks @Ford Laminar air flow due to a completely smooth bottom is underappreciated
239,2019-12-01 05:15:27+00:00,elonmusk,@Real_John_D That‚Äôs why Cybertruck has active suspension height &amp; damping control
240,2019-12-01 05:08:50+00:00,elonmusk,"@indiealexh @es2120 @Tesla @woodhaus2 Safety work is done by engineering, with passive safety by body/chassis eng &amp; active by Autopilot. Design in automotive refers to look &amp; feel."
241,2019-12-01 05:00:10+00:00,elonmusk,@sivarajkumar237 @ZackBornstein @TheOnion They are dead to me
242,2019-12-01 04:56:41+00:00,elonmusk,@ZackBornstein It‚Äôs a generational thing
243,2019-12-01 03:16:22+00:00,elonmusk,"@IntEngineering With extreme effort, Cybertruck might hit a 0.30 drag coefficient, which would be insane for a truck. Requires tweaking many small details. https://t.co/IMLJbsInmq"
244,2019-11-29 08:11:44+00:00,elonmusk,@hardmaru @Tesla Touch√©
245,2019-11-27 20:50:32+00:00,elonmusk,@ruttenpete @DeviantArt @TheBakaArts Just because he has a flamethrower and I have a flamethrower doesn‚Äôt mean ‚Ä¶ um ‚Ä¶ ok fine I‚Äôm Hank Scorpio
246,2019-11-27 16:15:35+00:00,elonmusk,"This one is deep.
Happy Thanksgiving! https://t.co/2Dog5HBxjX"
247,2019-11-27 16:05:39+00:00,elonmusk,@TheWalkingDead @Tesla The finest in apocalypse protection technology! Flamethrower optional.
248,2019-11-27 15:57:36+00:00,elonmusk,@RenataKonkoly @Tesla @Teslarati @InsideEVs ü§£ü§£
249,2019-11-27 15:53:22+00:00,elonmusk,@TheSeanBooker Def not dainty
250,2019-11-27 06:04:31+00:00,elonmusk,"@jpthor__ @RodAdib1 Yes, Cybertruck will have steel balls ü§£ü§£"
251,2019-11-27 03:14:33+00:00,elonmusk,250k
252,2019-11-26 02:49:52+00:00,elonmusk,"@kimpaquette @neiltyson Sure, will aim to do this next week"
253,2019-11-26 02:46:38+00:00,elonmusk,"@neiltyson Agreed, this will be exciting to see!"
254,2019-11-25 22:34:07+00:00,elonmusk,"@neiltyson Electric motors also have insane torque. If we load both trucks to the max, electric still wins. Physics is the law, everything else is a recommendation."
255,2019-11-25 22:19:38+00:00,elonmusk,Bring it on
256,2019-11-25 20:58:10+00:00,elonmusk,@Halo @pewdiepie Cybertruck is inspired by games like Halo. Warthog irl!!
257,2019-11-25 02:18:54+00:00,elonmusk,200k
258,2019-11-25 01:18:48+00:00,elonmusk,"@RodAdib1 Yup. Sledgehammer impact on door cracked base of glass, which is why steel ball didn‚Äôt bounce off. Should have done steel ball on window, *then* sledgehammer the door. Next time ‚Ä¶"
259,2019-11-24 23:52:26+00:00,elonmusk,Cybertruck pulls F-150 uphill https://t.co/OfaqUkrDI3
260,2019-11-24 23:40:44+00:00,elonmusk,"@greenspank Higher hardness, higher strength &amp; doesn‚Äôt cost crazy money for ~3mm skins"
261,2019-11-24 23:36:54+00:00,elonmusk,"@TeslaOwnersofMA @Sofiaan @Tesla In general, this is something Tesla should do"
262,2019-11-24 23:35:14+00:00,elonmusk,@Sofiaan @Tesla We should def make it good to hang out there
263,2019-11-24 22:02:01+00:00,elonmusk,"Cybertruck is our last product unveil for a while, but there will be some (mostly) unexpected technology announcements next year"
264,2019-11-24 21:32:32+00:00,elonmusk,"@thomasbroadfoot Good question. It‚Äôs a new variant of 300 series stainless steel, but it also gets cold-worked many times, depending on kilotonnage of press."
265,2019-11-24 21:26:40+00:00,elonmusk,@JohnnaCrider1 @EV_Stevee @PicklePunchD Can be wrapped in any color!
266,2019-11-24 21:16:22+00:00,elonmusk,@EV_Stevee @PicklePunchD The body panels will actually be laser cut!
267,2019-11-24 21:13:25+00:00,elonmusk,"@S_Padival @annerajb @flcnhvy Long term, it probably makes sense to build a smaller Cybertruck too"
268,2019-11-24 21:11:00+00:00,elonmusk,@vistacruiser7 @RenataKonkoly Interesting idea
269,2019-11-24 21:10:18+00:00,elonmusk,@evanthefreeman @CoinstorageGuru True
270,2019-11-24 21:09:29+00:00,elonmusk,@RenataKonkoly ü§£ü§£
271,2019-11-24 21:07:22+00:00,elonmusk,@Erdayastronaut Really? Ok sure.
272,2019-11-24 21:06:05+00:00,elonmusk,@vicentes Hardcore body engineers will understand this at a profound level
273,2019-11-24 21:01:27+00:00,elonmusk,"@vicentes Haha true! New manufacturing methods are certainly needed, but then I‚Äôm confident it will actually cost less, because of its simplicity &amp; lower part count."
274,2019-11-24 20:51:45+00:00,elonmusk,‚öîÔ∏è Study the Blade!! ‚öîÔ∏è https://t.co/cvuW1TmcjI
275,2019-11-24 20:45:09+00:00,elonmusk,"@annerajb @flcnhvy We‚Äôre creating this alloy at Tesla. Not a problem to create a lot of it, but we‚Äôll need to come up with new body manufacturing methods, as it can‚Äôt be made using standard methods."
276,2019-11-24 20:37:14+00:00,elonmusk,"@flcnhvy Starship steel decision came first. We were going to use titanium skins for Cybertruck, but cold-rolled 30X stainless is much stronger."
277,2019-11-24 20:33:35+00:00,elonmusk,"Even bending it requires a deep score on inside of bend, which is how the prototype was made"
278,2019-11-24 20:31:06+00:00,elonmusk,"Reason Cybertruck is so planar is that you can‚Äôt stamp ultra-hard 30X steel, because it breaks the stamping press"
279,2019-11-24 20:24:48+00:00,elonmusk,Excellent review by Marques!
280,2019-11-23 21:08:28+00:00,elonmusk,@Revitalize Haha v true
281,2019-11-23 21:07:01+00:00,elonmusk,With no advertising &amp; no paid endorsement
282,2019-11-23 20:54:54+00:00,elonmusk,"146k Cybertruck orders so far, with 42% choosing dual, 41% tri &amp; 17% single motor"
283,2019-11-23 20:49:30+00:00,elonmusk,@cleantechnica Great analysis
284,2019-11-23 07:56:32+00:00,elonmusk,@GenerationPls @pewdiepie That would be cool
285,2019-11-23 07:34:46+00:00,elonmusk,@pewdiepie Gonna have some sick attachments
286,2019-11-23 07:15:48+00:00,elonmusk,@cleantechnica ü§£ü§£
287,2019-11-23 05:16:17+00:00,elonmusk,@carkuwu Armored Personnel Carrier (APC)
288,2019-11-23 04:23:39+00:00,elonmusk,Riding in the Cybertruck
289,2019-11-23 04:18:24+00:00,elonmusk,@SuperSaf @Tesla Sure
290,2019-11-23 04:07:57+00:00,elonmusk,Franz throws steel ball at Cybertruck window right before launch. Guess we have some improvements to make before production haha. https://t.co/eB0o4tlPoz
291,2019-11-23 03:58:27+00:00,elonmusk,üñ§üñ§üñ§ Syd Mead üñ§üñ§üñ§ https://t.co/8nbD5LrAQJ
292,2019-11-22 21:16:42+00:00,elonmusk,@reecethesaxman We threw same steel ball at same window several times right before event &amp; didn‚Äôt even scratch the glass!
293,2019-11-22 21:13:36+00:00,elonmusk,"Better truck than an F-150, faster than a Porsche 911. Order Cybertruck online at https://t.co/hltT8dg2NO"
294,2019-11-22 15:13:20+00:00,elonmusk,@mithunoorath @Tesla Yes
295,2019-11-22 14:47:21+00:00,elonmusk,"@JRussell614 Will be an option to add solar power that generates 15 miles per day, possibly more. Would love this to be self-powered. Adding fold out solar wings would generate 30 to 40 miles per day. Avg miles per day in US is 30."
296,2019-11-22 14:37:24+00:00,elonmusk,@MoeSargi Tesla 2 person electric ATV will come at first as an option for Cybertruck
297,2019-11-22 09:22:42+00:00,elonmusk,@CyberpunkGame See ya in 2077 üòâ
298,2019-11-22 06:45:28+00:00,elonmusk,Nobody *expects* the Cybertruck https://t.co/khhYNFaVKs
299,2019-11-22 05:58:09+00:00,elonmusk,@Qrypton Yup
300,2019-11-22 03:11:14+00:00,elonmusk,@tesla_addicted @DMC_Ryan Haha
301,2019-11-22 03:06:05+00:00,elonmusk,@DMC_Ryan High time we had a Tesla coil!
302,2019-11-21 22:07:22+00:00,elonmusk,@ElenMatvievska @Tesla Coming soon! We‚Äôre working to complete the full Supercharger route from London to Shanghai.
303,2019-11-21 21:26:45+00:00,elonmusk,Tesla Cybertruck (pressurized edition) will be official truck of Mars
304,2019-11-21 21:25:59+00:00,elonmusk,@ward069 Of course
305,2019-11-21 21:15:33+00:00,elonmusk,@WillFealey @Tesla Fun party guaranteed!
306,2019-11-21 16:08:59+00:00,elonmusk,Long journey
307,2019-11-21 16:03:05+00:00,elonmusk,Tonight
308,2019-11-20 21:54:10+00:00,elonmusk,"@Erdayastronaut @SpaceX Absolutely, but to move to Mk3 design. This had some value as a manufacturing pathfinder, but flight design is quite different."
309,2019-11-20 21:02:59+00:00,elonmusk,@MKBHD Maybe won‚Äôt need a key at all
310,2019-11-20 19:31:11+00:00,elonmusk,"@TeslaTested So many reporters gave Chanos airtime when he called Tesla a worthless fraud. Now that he has been proven wrong, silence ‚Ä¶"
311,2019-11-19 21:02:47+00:00,elonmusk,@lexfridman @NSF Gravitas is overrated https://t.co/4MdteBfEjY
312,2019-11-19 18:18:55+00:00,elonmusk,@SupaZT @Erdayastronaut That would be cool
313,2019-11-19 17:37:52+00:00,elonmusk,"National Science Foundation, u should add a W to ur name. Would get way more clicks. Ur welcome."
314,2019-11-19 17:22:38+00:00,elonmusk,https://t.co/lvCnlztkPa
315,2019-11-19 17:09:44+00:00,elonmusk,78% of people want to gentrify Mordor
316,2019-11-19 07:10:47+00:00,elonmusk,@slashdot The China space industry is very impressive
317,2019-11-19 07:02:54+00:00,elonmusk,@mrclipsmaniac Cephalopods have a strange intelligence
318,2019-11-19 06:58:33+00:00,elonmusk,@justpaulinelol @universal_sci It certainly does
319,2019-11-19 06:38:55+00:00,elonmusk,@universal_sci True
320,2019-11-18 18:54:31+00:00,elonmusk,@teslaownersSV @Teslarati Not sure. Maybe write or message carmakers who oppose the environmental initiative?
321,2019-11-18 18:48:19+00:00,elonmusk,"@Teslarati Even Toyota, who made the Prius. That is sad."
322,2019-11-18 18:40:54+00:00,elonmusk,@Kristennetten @farrxy @Ford Guess I was obsessed with space from an early age. Fair point.
323,2019-11-18 05:16:21+00:00,elonmusk,@farrxy @Ford I‚Äôd be way too embarrassed to put that on a Tesla. It‚Äôs like a kid‚Äôs drawing.
324,2019-11-18 05:13:09+00:00,elonmusk,"@Ford Congratulations on the Mach E! Sustainable/electric cars are the future!! Excited to see this announcement from Ford, as it will encourage other carmakers to go electric too."
325,2019-11-16 21:11:20+00:00,elonmusk,@flcnhvy Exactly! Well said.
326,2019-11-16 07:49:04+00:00,elonmusk,@cleantechnica Surprisingly common
327,2019-11-16 00:52:02+00:00,elonmusk,Cybertruck unveil Thursday night https://t.co/AHBxaubdhO
328,2019-11-15 19:02:17+00:00,elonmusk,Innovation comes in many ways
329,2019-11-15 00:57:23+00:00,elonmusk,@arstechnica @SciGuySpace Meaning not fair that Boeing gets so much more for the same thing
330,2019-11-15 00:55:08+00:00,elonmusk,@arstechnica @SciGuySpace This doesn‚Äôt seem right
331,2019-11-14 06:02:20+00:00,elonmusk,@cleantechnica True
332,2019-11-14 03:50:30+00:00,elonmusk,@fael097 @davidtrover Semi-infinite
333,2019-11-14 03:47:33+00:00,elonmusk,@davidtrover Seems likely. üßù‚Äç‚ôÇÔ∏èüßù‚Äç‚ôÇÔ∏è = hipsters.
334,2019-11-14 03:43:54+00:00,elonmusk,"@flcnhvy @neuralink Right now, trajectory of neuro-silicon symbiosis doesn‚Äôt appear to intersect trajectory of AGI. Goal of Neuralink is to raise this probability above 0.0%."
335,2019-11-14 03:35:24+00:00,elonmusk,@CroWarrior1978 We fought the Balrog last year
336,2019-11-14 03:31:14+00:00,elonmusk,Gentrify Mordor?
337,2019-11-14 03:17:15+00:00,elonmusk,@flcnhvy @v_g_fischer @Tesla It was Tacheles
338,2019-11-14 02:17:28+00:00,elonmusk,@Matt_B730 @ID_AA_Carmack F8 üñ§ irony
339,2019-11-13 23:43:30+00:00,elonmusk,@v_g_fischer @Tesla There will be many opportunities for both new &amp; experienced people!
340,2019-11-13 22:26:19+00:00,elonmusk,@atlasobscura fomo 4 yolo
341,2019-11-13 02:41:00+00:00,elonmusk,"@brandonbernicky Yeah, makes sense"
342,2019-11-13 02:36:20+00:00,elonmusk,Congrats to Tesla team on Model 3 winning best midsize car in Germany! üá©üá™üá©üá™üá©üá™ https://t.co/4CDTf4c3eC
343,2019-11-12 21:58:04+00:00,elonmusk,"Will build batteries, powertrains &amp; vehicles, starting with Model Y"
344,2019-11-12 21:22:12+00:00,elonmusk,üñ§‚ô•Ô∏èüíõ GIGA BERLIN üíõ‚ô•Ô∏èüñ§
345,2019-11-12 18:16:39+00:00,elonmusk,@KenHowery Congratulations!
346,2019-11-11 00:01:13+00:00,elonmusk,Starlink vertical on the pad https://t.co/WuiB1piKcK
347,2019-11-10 15:44:23+00:00,elonmusk,@xtrmmax @getjeda @Tesla Yes
348,2019-11-10 15:34:58+00:00,elonmusk,@getjeda @Tesla Haha
349,2019-11-10 01:11:08+00:00,elonmusk,@flcnhvy @SciGuySpace @yokem55 @waynehale Exactly
350,2019-11-10 00:40:18+00:00,elonmusk,"@SciGuySpace @yokem55 @waynehale Without a fully &amp; rapidly reusable orbital rocket, humanity will never be a multiplanet species"
351,2019-11-09 19:18:25+00:00,elonmusk,@lexfridman Bad logic is always ugly
352,2019-11-09 08:31:58+00:00,elonmusk,@RobGMacfarlane @nybooks @emilyraboteau Same goes for digital super intelligence denial
353,2019-11-08 07:24:26+00:00,elonmusk,@zerohedge üòò https://t.co/w0BkNGbvQ1
354,2019-11-08 03:53:10+00:00,elonmusk,141 MPGe!
355,2019-11-08 03:37:26+00:00,elonmusk,@stephenjudkins @flcnhvy Yes
356,2019-11-08 01:06:04+00:00,elonmusk,@bluemoondance74 @flcnhvy Deleting throttle allows the engine to achieve max thrust on max thrust variant. Other variants will have throttle.
357,2019-11-08 00:52:47+00:00,elonmusk,"@bluemoondance74 @flcnhvy SpaceX engine production is gearing up to build about a Raptor a day by next year, so up to 365 engines per year. Most will be the (as high as) 300 ton thrust (but no throttle &amp; no gimbal) variant for Super Heavy. Cumulative thrust/year could thus be as high as 100,000 tons/year."
358,2019-11-08 00:41:31+00:00,elonmusk,"@bluemoondance74 @flcnhvy Raptor is evolving rapidly. Probably wouldn‚Äôt consider it to be even V1.0 until roughly engine 50, although probably engines 12+ can be retrofitted for orbital flight, especially on Super Heavy, which is less sensitive to engine variation. It just needs crazy up force!"
359,2019-11-08 00:14:46+00:00,elonmusk,@jchybow @teslaownersSV @flcnhvy Pretty much
360,2019-11-08 00:14:14+00:00,elonmusk,"@leo_cadle @teslaownersSV @flcnhvy Exactly! It‚Äôs also a far more exciting &amp; inspiring future if consciousness is out there among the stars, than forever confined to Earth until some eventual extinction event, however far in the future that may be (hopefully, very far)."
361,2019-11-08 00:10:42+00:00,elonmusk,"@teslaownersSV @flcnhvy No, in the beginning, assuming you even make it there alive, Mars will be far more dangerous &amp; difficult than Earth &amp; take decades of hard labor to make self-sufficient. That‚Äôs the sales pitch. Want to go?"
362,2019-11-07 21:17:43+00:00,elonmusk,"@teslaownersSV @flcnhvy So it will take about 20 years to transfer a million tons to Mars Base Alpha, which is hopefully enough to make it sustainable"
363,2019-11-07 21:16:09+00:00,elonmusk,@teslaownersSV @flcnhvy As the planets align only once every two years
364,2019-11-07 21:15:16+00:00,elonmusk,@teslaownersSV @flcnhvy A thousand ships will be needed to create a sustainable Mars city
365,2019-11-07 21:07:05+00:00,elonmusk,@Malcolmmarsman @flcnhvy No problem. We could program Starship to perform Swan Lake in the sky. Minimizing landing burn propellant mass is what‚Äôs hard.
366,2019-11-07 21:03:50+00:00,elonmusk,"@flcnhvy Current global payload to orbit capacity is about 500 tons per year, of which Falcon is about half"
367,2019-11-07 21:01:35+00:00,elonmusk,"@flcnhvy If we build as many Starships as Falcons, so ~100 vehicles &amp; each does 100 tons to orbit, that‚Äôs a capacity of 10 million tons of payload to orbit per year"
368,2019-11-07 20:57:54+00:00,elonmusk,"@flcnhvy Payload to orbit per year of Starship fleet is most mind-blowing metric, as it‚Äôs designed to fly 3X per day, which is ~1000X per year"
369,2019-11-07 20:52:51+00:00,elonmusk,@flcnhvy The economics have to be something like that to build a self-sustaining city on Mars
370,2019-11-07 20:47:58+00:00,elonmusk,@cleantechnica Gas/diesel cars too
371,2019-11-07 20:47:44+00:00,elonmusk,@cleantechnica True
372,2019-11-07 19:42:09+00:00,elonmusk,"Extremism is so fun! (@waitbutwhy)
https://t.co/ECACsaqAXR"
373,2019-11-06 17:34:40+00:00,elonmusk,@BenSullins Yes
374,2019-11-06 16:31:02+00:00,elonmusk,"The date is strangely familiar ‚Ä¶
https://t.co/YZl5R1POJL"
375,2019-11-06 16:15:32+00:00,elonmusk,Cybertruck unveil on Nov 21 in LA near SpaceX rocket factory
376,2019-11-06 16:10:32+00:00,elonmusk,@uhaveanygrapes @Teslarati Looking into it
377,2019-11-06 16:10:11+00:00,elonmusk,@Ryanth3nerd @Teslarati Yes
378,2019-11-06 16:09:36+00:00,elonmusk,"@FredericLambert @Teslarati The audience of entrepreneurs should try it, not the AF"
379,2019-11-06 16:08:24+00:00,elonmusk,@justpaulinelol @Teslarati Naturally
380,2019-11-06 15:40:02+00:00,elonmusk,@Teslarati This is based on an incorrect Electrek article. The Air Force asked me to speak at a startup conference called ‚ÄúPitch Day‚Äù &amp; I happened to mention Cybertruck. They don‚Äôt buy APCs. It‚Äôs the Air Force.
381,2019-11-05 19:07:35+00:00,elonmusk,"@Teslarati Connected, autonomous cars require great software. Advanced factories also require great software. The car industry is not very good at software."
382,2019-11-05 17:20:50+00:00,elonmusk,@cleantechnica More to come
383,2019-11-05 15:50:23+00:00,elonmusk,@bob_burrough Yes
384,2019-11-05 01:20:03+00:00,elonmusk,@rafaelcr @OfWudan Would be odd to expect anything else
385,2019-11-04 23:26:20+00:00,elonmusk,"@TJ_Cooney That said, most Starship spaceports will probably need to be ~20 miles / 30km offshore for acceptable noise levels, especially for frequent daily flights, as would occur for point to point flights on Earth"
386,2019-11-04 22:14:24+00:00,elonmusk,"@TJ_Cooney Wow, 2011 seems like eons ago! With fairing recovery, Falcon is ~80% reusable, but reflight takes several days &amp; requires boats. Starship will be fully reusable with booster reflight possible every few hours &amp; ship reflight every 8 hours. No boats needed."
387,2019-11-04 22:03:08+00:00,elonmusk,@flcnhvy Great poem
388,2019-11-04 21:59:28+00:00,elonmusk,"Great work by SpaceX Dragon team &amp; Airborne! To be clear, we‚Äôve only done 1 multi-parachute test of Mk3 design, so 9 more left to reach 10 successful tests in a row."
389,2019-11-01 14:32:37+00:00,elonmusk,"@Teslarati Putting Model S in range mode is the opposite of launch mode, as it minimizes performance in favor of range. Show should be called ‚ÄúLow Gear‚Äù!"
390,2019-11-01 02:34:49+00:00,elonmusk,"Tesla Solarglass vs üéÉ 
Happy Halloween!! https://t.co/p5tXeJYqne"
391,2019-10-31 16:29:07+00:00,elonmusk,"@stephenpallotta @Teslarati Sorry, Drag Times is correct, Top Gear is wrong"
392,2019-10-31 16:26:02+00:00,elonmusk,"@Teslarati Drag Race Times analysis is correct. Also, there‚Äôs a software upgrade for Model S coming out that increases peak power by 50HP, so Model S should beat Porsche Taycan Turbo S by a wider margin in 0 to 60 &amp; 1/4 mile races."
393,2019-10-30 21:56:18+00:00,elonmusk,@TeslaNY Walking on a Tesla Solarglass roof is definitely no problem!
394,2019-10-30 17:59:49+00:00,elonmusk,Thank for helping grow sustainable energy through solar!
395,2019-10-30 17:39:54+00:00,elonmusk,@tobi @chris__lu @MarkRober @MrBeastYT Congrats! Shopify is great btw. Nice work.
396,2019-10-30 09:47:22+00:00,elonmusk,@flcnhvy The fires are all too real
397,2019-10-30 09:16:34+00:00,elonmusk,@NutaIie Haha true
398,2019-10-30 09:15:19+00:00,elonmusk,@TeslaStars @Tesla ‚Ä¶
399,2019-10-30 02:06:54+00:00,elonmusk,"@johnkrausphotos @NASA @Space_Station Hard to say with high accuracy, but 4 to 6 weeks is my best guess"
400,2019-10-30 02:05:30+00:00,elonmusk,"Soon, SpaceX will launch @NASA astronauts to @Space_Station!"
401,2019-10-30 01:59:27+00:00,elonmusk,@themuskbros @teslaownersSV That‚Äôs significantly improved in current production
402,2019-10-30 01:57:29+00:00,elonmusk,"@RenataKonkoly @MrBeastYT @MKBHD True, my name literally means tree"
403,2019-10-30 01:55:52+00:00,elonmusk,"@teslaownersSV If you have autonav enabled, car will automatically navigate either to address in calendar, to work if you‚Äôre home &amp; to home if at work. Not sure if that‚Äôs in wide release yet, but def in early access. It‚Äôs an awesome feature."
404,2019-10-30 00:55:09+00:00,elonmusk,"‚ÄúI always like going South; somehow, it feels like going downhill.‚Äù"
405,2019-10-30 00:46:57+00:00,elonmusk,For Treebeard
406,2019-10-29 21:31:28+00:00,elonmusk,"@MKBHD @MrBeastYT Ok, sounds legit, will donate 1M trees"
407,2019-10-28 23:32:20+00:00,elonmusk,@MrBeastYT Sounds cool. Where are the trees being planted &amp; what kind of trees?
408,2019-10-28 21:37:57+00:00,elonmusk,@Jason @kylegrantham Making a roof out of kindling in a fire risk zone is not recommended
409,2019-10-28 21:33:58+00:00,elonmusk,"@Jon4Lakers @Tesla We‚Äôre changing this from storm watch to disaster watch to cover fires, earthquakes, etc"
410,2019-10-28 21:32:17+00:00,elonmusk,"@kylegrantham Very true. Glass doesn‚Äôt burn &amp; melting point is extremely high, so much more resilient than asphalt or wood roofs."
411,2019-10-28 18:49:13+00:00,elonmusk,@realDiegoMonroy I hate advertising
412,2019-10-28 18:46:09+00:00,elonmusk,"Unfortunately, it‚Äôs hard to google Tesla solar links due to tons of ads &amp; SEO. Go to https://t.co/UvQa8JOE7v to add solar to an existing roof &amp; https://t.co/D9yUuL7NVE for a new roof with integrated solar."
413,2019-10-28 18:10:47+00:00,elonmusk,"We don‚Äôt make much money on this product, so $1000 actually means a lot"
414,2019-10-28 18:09:19+00:00,elonmusk,"If you‚Äôre directly affected by wildfire power outages, Tesla is reducing Solar+Powerwall prices by $1000 as of today"
415,2019-10-28 18:04:13+00:00,elonmusk,"Apologies to those waiting for Solar/Powerwall outside California, as we are prioritizing those affected by wildfires"
416,2019-10-28 17:57:17+00:00,elonmusk,@jasondunn So true. Imagine if phones were gasoline powered. Total sales would be like 14 units worldwide! Using oil/gas &amp; being forced to constantly visit toxic chemical dispensing stations will seem so insane in the future!
417,2019-10-28 16:58:37+00:00,elonmusk,"Homes with solar sell for 4.1% more, according to Zillow. Adding a Powerwall battery is highly likely to increase home value too imo, as security against blackouts is increasingly important. 
https://t.co/3y4M5L50qF"
418,2019-10-28 16:11:18+00:00,elonmusk,@flcnhvy @teslaownersSV I‚Äôd recommend regular solar panels for flat roofs
419,2019-10-28 16:02:39+00:00,elonmusk,@starshipsara Extremely high
420,2019-10-28 15:59:06+00:00,elonmusk,@teslaownersSV Will do what we can for anyplace affected by natural disasters
421,2019-10-28 15:53:02+00:00,elonmusk,"US clean energy incentive drops by 4% on Jan 1, so orders must be received by roughly Nov 15 to be installed in time"
422,2019-10-28 15:49:23+00:00,elonmusk,Tesla Solar plus Powerwall battery backup for 24/7 clean energy &amp; no blackouts at https://t.co/mDoPO17YB9
423,2019-10-28 02:37:15+00:00,elonmusk,@SnazzyQ @Tesla Sure
424,2019-10-27 22:54:54+00:00,elonmusk,@flcnhvy https://t.co/40NtMONR72
425,2019-10-27 22:24:16+00:00,elonmusk,Took my son to play piano for the seniors home in Pasadena. It was lovely to see them smile ‚ô•Ô∏è
426,2019-10-27 21:07:44+00:00,elonmusk,@tesletter Thanks to everyone at Tesla who worked so hard over the years to make our Fremont factory successful!
427,2019-10-26 22:14:15+00:00,elonmusk,Sandwich time travel is the only explanation https://t.co/M8c98GBsDC
428,2019-10-26 20:33:31+00:00,elonmusk,Physics facts https://t.co/Z2a6PzokJx
429,2019-10-26 17:18:45+00:00,elonmusk,"@AT61_AUE @Cobalt310 @Tesla Yes, you can walk on the Tesla Solarglass roof. In stilettos, if you want üòâ https://t.co/6wwKJqmPdr"
430,2019-10-25 22:16:15+00:00,elonmusk,"@john_s_wilkins Yes, wight destruction guaranteed or your money back!"
431,2019-10-25 21:23:39+00:00,elonmusk,Tesla Solarglass roof https://t.co/7lw43mL92D
432,2019-10-25 21:05:58+00:00,elonmusk,@Tesla Will start at ~2:15. Sorry for slight delay.
433,2019-10-25 20:14:08+00:00,elonmusk,@tobyliiiiiiiiii Haha true
434,2019-10-25 20:10:44+00:00,elonmusk,Srsly https://t.co/MWipMr84cD
435,2019-10-25 20:01:42+00:00,elonmusk,@Cardoso @Erdayastronaut Transparent aluminum is a real thing! https://t.co/hX4XLih1Hk
436,2019-10-25 19:38:03+00:00,elonmusk,"@HarryStoltz1 That would be cool. Surfaces that see the sun should be alive with power, not inert!"
437,2019-10-25 19:34:11+00:00,elonmusk,"Maybe call Tesla solar roof tiles product Solarglass? Like Dragonglass, but solar!"
438,2019-10-25 19:27:07+00:00,elonmusk,"@TeslaNY @SpaceX Gwynne rocks! Starlink will probably be a little bumpy at first, but then improve rapidly."
439,2019-10-25 16:07:30+00:00,elonmusk,üî•
440,2019-10-24 23:39:40+00:00,elonmusk,"@longnow @Liv_Boeree Strange to think that our civilization is only ~5000 years old, if dated from earliest writing. Less than the lifespan of a fruit fly, compared to age of Earth."
441,2019-10-24 22:32:44+00:00,elonmusk,"To be clear, integrated solar tiles only make financial sense for new houses or replacement roofs. If your roof is more than 5 years away from replacement, solar retrofit is recommended https://t.co/mDoPO17YB9"
442,2019-10-24 22:05:46+00:00,elonmusk,"@flcnhvy This product may appear simple, but actually *very* difficult to get right"
443,2019-10-24 22:04:27+00:00,elonmusk,Will do an open call Q&amp;A
444,2019-10-24 22:03:38+00:00,elonmusk,@GerberKawasaki @Tesla Major FUD incoming for sure ‚Ä¶ haha
445,2019-10-24 22:01:43+00:00,elonmusk,@MoWo91 @SpX_memes @SpaceX @Tesla @RenataKonkoly @sara_boutall @Kristennetten @Erdayastronaut @flcnhvy @JohnnaCrider1 ü§£ü§£
446,2019-10-24 21:58:23+00:00,elonmusk,"@flcnhvy I have V1, but will switch to V3"
447,2019-10-24 21:57:20+00:00,elonmusk,Tesla Solar Tile Roof V3 launch tomorrow at 2pm
448,2019-10-24 13:43:06+00:00,elonmusk,@KlausLovgreen Sure
449,2019-10-24 02:21:11+00:00,elonmusk,But actually ‚Ä¶ https://t.co/XJNjPHrq2A
450,2019-10-23 21:13:35+00:00,elonmusk,Super proud of Tesla team for great execution &amp; support of Tesla customers greatly appreciated!!
451,2019-10-23 21:09:18+00:00,elonmusk,"Tesla Q3 results:

- Shanghai Giga ahead of schedule
- Model Y ahead of schedule
- Solar installs +48% from Q2
- GAAP profitable
- Positive free cash flow"
452,2019-10-23 16:02:00+00:00,elonmusk,"@TesLatino Internal camera isn‚Äôt used yet (meant for robotaxi), but that‚Äôs a good idea"
453,2019-10-23 16:01:02+00:00,elonmusk,@TesLatino Please lmk about your experience and what can be improved
454,2019-10-22 06:27:23+00:00,elonmusk,@tecnocato @Tesla Coming soon
455,2019-10-22 06:05:42+00:00,elonmusk,"Whoa, it worked!!"
456,2019-10-22 06:03:33+00:00,elonmusk,Sending this tweet through space via Starlink satellite üõ∞
457,2019-10-22 05:40:24+00:00,elonmusk,"Homes with solar sell for 4.1% more, according to Zillow https://t.co/EtqGAxDlAF"
458,2019-10-22 04:24:14+00:00,elonmusk,"More carrot, less stick"
459,2019-10-21 19:55:57+00:00,elonmusk,"Very likely that a home with clean power that‚Äôs lower cost than utility, plus blackout protection via Powerwall, will have a positive effect on value"
460,2019-10-21 19:51:41+00:00,elonmusk,PG&amp;E says rolling blackouts expected in California for next 10 years! https://t.co/Iv9f0piK82
461,2019-10-21 19:50:23+00:00,elonmusk,Order Tesla Solar + Powerwall battery for 24/7 clean power &amp; no blackouts! https://t.co/mDoPO17YB9
462,2019-10-17 22:51:48+00:00,elonmusk,Going offline for a few days
463,2019-10-17 08:43:01+00:00,elonmusk,@TesLatino @Erdayastronaut @NotEricRalph @MartianDays @torybruno @AerojetRdyne @elon Both at the same time!
464,2019-10-17 07:28:42+00:00,elonmusk,@John_Gardi @Erdayastronaut @NotEricRalph @MartianDays @torybruno @AerojetRdyne More about dealing with failure modes &amp; roll control
465,2019-10-17 07:27:54+00:00,elonmusk,"@Erdayastronaut @NotEricRalph @MartianDays @torybruno @AerojetRdyne Need to deal with thrust asymmetry from flameout of an engine without forcing shutdown of opposing pair engine, which would double thrust loss. Also, thrust differential doesn‚Äôt solve roll control well."
466,2019-10-17 05:50:58+00:00,elonmusk,"@WorldAndScience Common myth, but incorrect"
467,2019-10-16 22:40:12+00:00,elonmusk,@slashdot And so begins the robocalypse ‚Ä¶
468,2019-10-16 19:29:27+00:00,elonmusk,Tesla wins best headlights award ü•á https://t.co/8yfeJiXd0N
469,2019-10-16 12:20:25+00:00,elonmusk,"@Teslarati The final configuration used at N√ºrburgring to set the record will go into production around summer 2020, so this is not merely for the track"
470,2019-10-15 22:18:33+00:00,elonmusk,Anyone who‚Äôs interested in working on cutting edge manufacturing ‚Äî designing &amp; building the machine that makes the machine ‚Äî please consider working at Tesla or SpaceX. We‚Äôre gonna take this to a whole new level!
471,2019-10-15 22:10:33+00:00,elonmusk,@Erdayastronaut Tesla team has done an incredible job with Giga Shanghai. Honored to work with them. I‚Äôm in awe.
472,2019-10-15 22:06:04+00:00,elonmusk,"So much respect for those doing high volume manufacturing. It‚Äôs insanely hard, but you make a real thing that people value. My hat is off to you ‚Ä¶"
473,2019-10-15 21:45:36+00:00,elonmusk,"@RationalEtienne @LaurenRow5 @EvaFoxU @JohnnaCrider1 @Kristennetten @vincent13031925 @28delayslater @Sofiaan @hamids @InsideEVs Tesla is first American car company to achieve sustained volume production in past ~100 years. Hardest, most painful thing I‚Äôve ever been through, including getting Falcon to orbit."
474,2019-10-15 21:42:02+00:00,elonmusk,"@RationalEtienne @LaurenRow5 @EvaFoxU @JohnnaCrider1 @Kristennetten @vincent13031925 @28delayslater @Sofiaan @hamids @InsideEVs Prototypes are easy, but achieving volume production of a new technology is insanely hard"
475,2019-10-15 05:51:41+00:00,elonmusk,And the lead character is also named Woody https://t.co/ZxK84rB020
476,2019-10-15 01:28:53+00:00,elonmusk,"@NotEricRalph @MartianDays @Erdayastronaut @torybruno @AerojetRdyne Yeah, gimbal SL engines at min throttle for control, so most of impulse goes through vac engines"
477,2019-10-14 22:17:27+00:00,elonmusk,@TTownJoe @Erdayastronaut @torybruno @MartianDays @AerojetRdyne Conservation of energy tells you the answer
478,2019-10-14 22:15:29+00:00,elonmusk,@Ingvar_Oolsen @neiltyson @Space_Station Looking forward to Kerbal 2!
479,2019-10-14 22:15:02+00:00,elonmusk,"@MartianDays @Erdayastronaut @torybruno @AerojetRdyne We def could be wrong about this, but it‚Äôs actually good to fix high efficiency vacuum engines with giant nozzles in place &amp; only thrust vector engines with smaller nozzles. Don‚Äôt need a lot of room &amp; moment of inertia is much lower."
480,2019-10-14 22:09:01+00:00,elonmusk,"@nextspaceflight @Erdayastronaut @torybruno @MartianDays @AerojetRdyne Also, we‚Äôre keeping area ratio low enough to fire Raptor Vac at sea level without flow separation, so that‚Äôs leaving a lot on the table"
481,2019-10-14 22:07:53+00:00,elonmusk,"@nextspaceflight @Erdayastronaut @torybruno @MartianDays @AerojetRdyne Couple months, but V1.0 of Raptor Vac is suboptimal, as optimized for speed of development. Isp maybe 365 to 370 sec."
482,2019-10-14 22:04:12+00:00,elonmusk,"@Erdayastronaut @torybruno @MartianDays @AerojetRdyne Max thrust version of Raptor should achieve true T/W &gt; 170. Target is 1.5 ton engine with &gt;260 t-F. Max Isp version should achieve ~380 sec, but T/W probably &lt;120 due to big nozzle. These are just guesses for now."
483,2019-10-14 21:56:36+00:00,elonmusk,@Erdayastronaut @torybruno @MartianDays @AerojetRdyne Oberth effect is not well appreciated. Value of high thrust low in gravity well is not captured in simple delta-v equation. One of the reasons we favor CH4 over H2. https://t.co/LijrUMuJDq
484,2019-10-14 21:50:31+00:00,elonmusk,"@torybruno @Erdayastronaut @MartianDays @AerojetRdyne This is true. All that matters is number used in ‚àÜv equation. Propellant residuals are incredibly important, often overwhelming engine mass. https://t.co/s2LcEapGAU"
485,2019-10-14 21:42:07+00:00,elonmusk,"@HarryStoltz1 @neiltyson @Space_Station Big challenge for Starship refueling on the moon is finding sources of carbon. Probably some pretty big deposits in craters from meteorites. Same goes for hydrogen &amp; oxygen, also in (shadowed) craters."
486,2019-10-14 21:36:05+00:00,elonmusk,"@teslaownersSV @Sofiaan @annerajb @tesla_addicted We‚Äôre working on a simple initial version of Autopark. Will be safe, but sometimes park in silly places that aren‚Äôt actual parking spaces."
487,2019-10-14 21:34:24+00:00,elonmusk,"@Sofiaan @annerajb @tesla_addicted Yeah, great team!"
488,2019-10-14 20:50:50+00:00,elonmusk,"@J_ump_er @neiltyson @Space_Station To be precise, r is distance from center of masses of two objects. Center of mass of Earth is ~6400km, so gravity change is small at Space Station altitude, which is ~6800km from center of Earth. https://t.co/21hICWczMq"
489,2019-10-14 20:44:09+00:00,elonmusk,"@HarryStoltz1 @neiltyson @Space_Station Exactly. And you can on the moon, since it has no atmosphere."
490,2019-10-14 20:41:40+00:00,elonmusk,"@neiltyson @Space_Station Most people aren‚Äôt aware that orbit (and ‚Äúzero‚Äù gravity) is all about horizontal speed, not altitude. A spacecraft needs to travel about 25 times the speed of sound to stay in space."
491,2019-10-14 18:36:42+00:00,elonmusk,"@NASASpaceflight @IanPineapple Yeah, will be Raptor vertical test stand. Hopefully allows simplification of Raptor design, as pump shaft wear &amp; drainage is better in vertical config. Also, more representive of flight. Test as you fly ‚Ä¶"
492,2019-10-14 16:30:37+00:00,elonmusk,@annerajb @tesla_addicted Software
493,2019-10-14 16:30:13+00:00,elonmusk,@SteveMartineau6 @annerajb @YogiSC1127 @Tesla Yes
494,2019-10-14 16:29:44+00:00,elonmusk,@tesla_addicted Will start rendering traffic cones in the display soon
495,2019-10-14 16:27:15+00:00,elonmusk,@flcnhvy @aquastorm Venus would be very difficult
496,2019-10-14 16:18:48+00:00,elonmusk,@tesla_truth @annerajb @YogiSC1127 @Tesla True
497,2019-10-14 16:17:52+00:00,elonmusk,"@aquastorm Yes, we will"
498,2019-10-14 16:09:19+00:00,elonmusk,"@annerajb @YogiSC1127 @Tesla It is actually called deep rain, as sort of a joke at Tesla. Takes a surprising amount of deep learning to know when &amp; how fast to move the wipers."
499,2019-10-14 16:03:51+00:00,elonmusk,"@YogiSC1127 @Tesla Deep Rain‚Ñ¢Ô∏è neural net coming soon. We‚Äôre not trademarking any other Autopilot neural nets, just this one, because rain is deep."
